INSERT INTO customers (login, password, first_name, last_name, email, street_number, street, city, zip_code, credit_card, exp_date, crc_code)
VALUES
('ol', 'password5', 'Olivia', 'Rivera', 'or@gmail.com', 123, 'D street', 'San Diego', 92222, 4412290146165924, '2018-09-09', 424),
('jk', 'password6', 'Jimmy', 'Kimmel', 'jk@gmail.com', 456, 'E street', 'Merced', 93333, 4446939542417525, '2018-05-09', 221),
('kw', 'password7', 'Kanye', 'West', 'kw@gmail.com', 789, 'F street', 'Stockton', 94444, 4412290146165924, '2019-03-09', 642),
('tc', 'password8', 'Ted', 'Cruz', 'tc@gmail.com', 108, 'G street', 'Roseville', 95555, 4813604384118608, '2019-02-09', 807);

INSERT INTO employees (emp_id, password, first_name, last_name, admin)
VALUES
(66666, 'password6', 'Joe', 'Small', 'false'),
(77777, 'password7', 'Bon', 'Ferns', 'false'),
(88888, 'password8', 'Tom', 'Jones', 'false'),
(99999, 'password9', 'Carol', 'Evers', 'false');

INSERT INTO additional_charges (charge_code, description, cost)
VALUES
(6, 'printer', 1),
(7, 'newspaper', 2),
(8, 'spa', 10);

INSERT INTO reservations (res_code, check_in, check_out, room, customer)
VALUES
(5, '2018-06-25', '2018-07-01', 402, 'ol'),
(6, '2018-07-03', '2018-07-04', 303, 'kw'),
(7, '2018-07-01', '2018-07-02', 404, 'pm'),
(8, '2018-07-04', '2018-07-05', 205, 'js'),
(9, '2018-07-03', '2018-07-06', 406, 'jk'),
(10, '2018-07-06', '2018-07-08', 104, 'ol'),
(11, '2018-07-06', '2018-07-07', 403, 'pm'),
(12, '2018-07-05', '2018-07-06', 502, 'jk'),
(13, '2018-07-13', '2018-07-15', 101, 'kw'),
(14, '2018-07-13', '2018-07-14', 301, 'dl'),
(15, '2018-07-12', '2018-07-14', 404, 'ol'),
(16, '2018-07-25', '2018-07-26', 503, 'js'),
(17, '2018-07-26', '2018-07-28', 204, 'jk'),
(18, '2018-07-29', '2018-07-30', 405, 'kw'),
(19, '2018-07-27', '2018-07-29', 506, 'tc'),
(20, '2018-07-28', '2018-07-29', 305, 'jk'),
(21, '2018-07-01', '2018-07-02', 202, 'kw'),
(22, '2018-07-03', '2018-07-04', 311, 'ol'),
(23, '2018-07-01', '2018-07-04', 502, 'tc'),
(24, '2018-07-04', '2018-07-05', 505, 'js'),
(25, '2018-07-03', '2018-07-04', 306, 'nh'),
(26, '2018-06-30', '2018-07-01', 504, 'ol'),
(27, '2018-07-06', '2018-07-07', 203, 'kw'),
(28, '2018-07-15', '2018-07-16', 302, 'tc'),
(29, '2018-07-12', '2018-07-13', 401, 'ol'),
(30, '2018-07-13', '2018-07-14', 501, 'jk'),
(31, '2018-07-25', '2018-07-27', 212, 'pm'),
(32, '2018-07-25', '2018-07-30', 510, 'ol'),
(33, '2018-07-26', '2018-07-27', 210, 'jk'),
(34, '2018-07-27', '2018-07-29', 411, 'kw'),
(35, '2018-07-27', '2018-07-28', 511, 'tc'),
(36, '2018-07-28', '2018-07-29', 310, 'js');

INSERT INTO room_rate_history (rate_id, reservation, res_date, rate)
VALUES
(11, 5, '2018-06-25', 100),
(12, 5, '2018-06-26', 100),
(13, 5, '2018-06-27', 100),
(14, 5, '2018-06-28', 100),
(15, 5, '2018-06-29', 100),
(16, 5, '2018-06-30', 100),
(18, 5, '2018-07-01', 100),
(19, 6, '2018-07-03', 100),
(20, 6, '2018-07-04', 100),
(21, 7, '2018-07-01', 100),
(22, 7, '2018-07-02', 100),
(23, 8, '2018-07-04', 100),
(24, 8, '2018-07-05', 100),
(25, 9, '2018-07-03', 100),
(26, 9, '2018-07-04', 165),
(27, 9, '2018-07-05', 100),
(28, 9, '2018-07-06', 100),
(29, 10, '2018-07-06', 100),
(30, 10, '2018-07-07', 100),
(31, 10, '2018-07-08', 100),
(32, 11, '2018-07-06', 100),
(33, 11, '2018-07-07', 100),
(34, 12, '2018-07-06', 100),
(35, 12, '2018-07-06', 100),
(36, 13, '2018-07-13', 100),
(37, 13, '2018-07-14', 100),
(38, 13, '2018-07-15', 100),
(39, 14, '2018-07-13', 100),
(40, 14, '2018-07-14', 100),
(41, 15, '2018-07-12', 100),
(42, 15, '2018-07-13', 100),
(43, 15, '2018-07-14', 100),
(44, 16, '2018-07-25', 100),
(45, 16, '2018-07-26', 100),
(46, 17, '2018-07-26', 100),
(47, 17, '2018-07-27', 100),
(48, 17, '2018-07-28', 100),
(49, 18, '2018-07-29', 100),
(50, 18, '2018-07-30', 100),
(51, 19, '2018-07-27', 100),
(52, 19, '2018-07-28', 100),
(53, 19, '2018-07-29', 100),
(54, 20, '2018-07-28', 100),
(55, 20, '2018-07-29', 100),
(56, 21, '2018-07-01', 100),
(57, 21, '2018-07-02', 100),
(58, 22, '2018-07-03', 100),
(59, 22, '2018-07-04', 100),
(60, 23, '2018-07-01', 100),
(61, 23, '2018-07-02', 100),
(62, 23, '2018-07-03', 100),
(63, 23, '2018-07-04', 165),
(64, 24, '2018-07-04', 165),
(65, 24, '2018-07-05', 100),
(66, 25, '2018-07-03', 100),
(67, 25, '2018-07-04', 100),
(68, 26, '2018-06-30', 100),
(69, 26, '2018-07-01', 100),
(70, 27, '2018-07-06', 100),
(71, 27, '2018-07-07', 100),
(72, 28, '2018-07-15', 100),
(73, 28, '2018-07-16', 100),
(74, 29, '2018-07-12', 100),
(75, 29, '2018-07-13', 100),
(76, 30, '2018-07-13', 100),
(77, 30, '2018-07-14', 100),
(78, 31, '2018-07-25', 100),
(79, 31, '2018-07-26', 100),
(80, 31, '2018-07-27', 100),
(81, 32, '2018-07-25', 100),
(82, 32, '2018-07-26', 100),
(83, 32, '2018-07-27', 165),
(84, 32, '2018-07-28', 165),
(85, 32, '2018-07-29', 100),
(86, 32, '2018-07-30', 100),
(87, 33, '2018-07-26', 100),
(88, 33, '2018-06-27', 100),
(89, 34, '2018-07-27', 100),
(90, 34, '2018-07-28', 100),
(91, 34, '2018-07-29', 100),
(92, 35, '2018-07-27', 100),
(93, 35, '2018-07-28', 100),
(94, 36, '2018-07-28', 100),
(95, 36, '2018-07-29', 100);

